{
    "chest": [
        {
            "id" :1,
            "name" : "Close-Grip EZ Bar Curl",
            "images" : ["https://www.bodybuilding.com/exercises/exerciseImages/sequences/238/Male/m/238_1.jpg", "https://www.bodybuilding.com/exercises/exerciseImages/sequences/238/Male/m/238_2.jpg"],
            "instructions": [
                "Stand up with your torso upright while holding an E-Z Curl Bar at the closer inner handle. The palm of your hands should be facing forward and they should be slightly tilted inwards due to the shape of the bar. The elbows should be close to the torso. This will be your starting position.",
                "While holding the upper arms stationary, curl the weights forward while contracting the biceps as you breathe out. Tip: Only the forearms should move.",
                "Continue the movement until your biceps are fully contracted and the bar is at shoulder level. Hold the contracted position for a second and squeeze the biceps hard.",
                "Slowly begin to bring the bar back to starting position as your breathe in.",
                "Repeat for the recommended amount of repetitions."
            ],
            "muscles" : ["Biceps", "Deltoids", "Triceps"],
            "equipment" : "Barbell",
            "muscle_diagram" : "https://artifacts.bbcomcdn.com/exercises-app/1.2.1/img/guide-15.gif"
        },
        {
            "id" :2,
            "name" : "Barbell Bench Press - Medium Grip",
            "images" : ["https://www.bodybuilding.com/exercises/exerciseImages/sequences/360/Male/m/360_1.jpg","https://www.bodybuilding.com/exercises/exerciseImages/sequences/360/Male/m/360_2.jpg"],
            "instructions": [
                "Stand up with your torso upright while holding an E-Z Curl Bar at the closer inner handle. The palm of your hands should be facing forward and they should be slightly tilted inwards due to the shape of the bar. The elbows should be close to the torso. This will be your starting position.",
                "While holding the upper arms stationary, curl the weights forward while contracting the biceps as you breathe out. Tip: Only the forearms should move.",
                "Continue the movement until your biceps are fully contracted and the bar is at shoulder level. Hold the contracted position for a second and squeeze the biceps hard.",
                "Slowly begin to bring the bar back to starting position as your breathe in.",
                "Repeat for the recommended amount of repetitions."
            ],
            "muscles" : ["Chest"],
            "equipment" : "Barbell",
            "muscle_diagram" : "https://artifacts.bbcomcdn.com/exercises-app/1.2.1/img/guide-1.gif"
        },
        {
            "id" :3,
            "name" : "Single-Arm Cable Crossover",
            "images" : ["https://www.bodybuilding.com/exercises/exerciseImages/sequences/2101/Male/m/2101_1.jpg","https://www.bodybuilding.com/exercises/exerciseImages/sequences/2101/Male/m/2101_2.jpg"],
            "instructions": [
                "Stand up with your torso upright while holding an E-Z Curl Bar at the closer inner handle. The palm of your hands should be facing forward and they should be slightly tilted inwards due to the shape of the bar. The elbows should be close to the torso. This will be your starting position.",
                "While holding the upper arms stationary, curl the weights forward while contracting the biceps as you breathe out. Tip: Only the forearms should move.",
                "Continue the movement until your biceps are fully contracted and the bar is at shoulder level. Hold the contracted position for a second and squeeze the biceps hard.",
                "Slowly begin to bring the bar back to starting position as your breathe in.",
                "Repeat for the recommended amount of repetitions."
            ],
            "muscles" : ["Chest"],
            "equipment" : "Barbell",
            "muscle_diagram" : "https://artifacts.bbcomcdn.com/exercises-app/1.2.1/img/guide-1.gif"
        },
        {
            "id" :4,
            "name" : "Decline Dumbbell Bench Press",
            "images" : ["https://www.bodybuilding.com/exercises/exerciseImages/sequences/51/Male/m/51_2.jpg","https://www.bodybuilding.com/exercises/exerciseImages/sequences/51/Male/m/51_1.jpg"],
            "instructions": [
                "Stand up with your torso upright while holding an E-Z Curl Bar at the closer inner handle. The palm of your hands should be facing forward and they should be slightly tilted inwards due to the shape of the bar. The elbows should be close to the torso. This will be your starting position.",
                "While holding the upper arms stationary, curl the weights forward while contracting the biceps as you breathe out. Tip: Only the forearms should move.",
                "Continue the movement until your biceps are fully contracted and the bar is at shoulder level. Hold the contracted position for a second and squeeze the biceps hard.",
                "Slowly begin to bring the bar back to starting position as your breathe in.",
                "Repeat for the recommended amount of repetitions."
            ],
            "muscles" : ["Chest"],
            "equipment" : "Barbell",
            "muscle_diagram" : "https://artifacts.bbcomcdn.com/exercises-app/1.2.1/img/guide-1.gif"
        },
        {
            "id" :5,
            "name" : "Dips - Chest Version",
            "images" : ["https://www.bodybuilding.com/exercises/exerciseImages/sequences/145/Male/m/145_2.jpg"],
            "instructions": [
                "Stand up with your torso upright while holding an E-Z Curl Bar at the closer inner handle. The palm of your hands should be facing forward and they should be slightly tilted inwards due to the shape of the bar. The elbows should be close to the torso. This will be your starting position.",
                "While holding the upper arms stationary, curl the weights forward while contracting the biceps as you breathe out. Tip: Only the forearms should move.",
                "Continue the movement until your biceps are fully contracted and the bar is at shoulder level. Hold the contracted position for a second and squeeze the biceps hard.",
                "Slowly begin to bring the bar back to starting position as your breathe in.",
                "Repeat for the recommended amount of repetitions."
            ],
            "muscles" : ["Chest"],
            "equipment" : "Barbell",
            "muscle_diagram" : "https://artifacts.bbcomcdn.com/exercises-app/1.2.1/img/guide-1.gif"
        }
    ],
    "arms": [
        {
            "id" :6,
            "name" : "Lying Supine Dumbbell Curl",
            "images" : [
              "https://www.bodybuilding.com/exercises/exerciseImages/sequences/212/Male/l/212_1.jpg",
              "https://www.bodybuilding.com/exercises/exerciseImages/sequences/212/Male/l/212_3.jpg",
              "https://www.bodybuilding.com/exercises/exerciseImages/sequences/212/Male/l/212_2.jpg"
            ],
            "instructions": [
                "Lie down on a flat bench face up while holding a dumbbell in each arm on top of your thighs.",
                "Bring the dumbbells to the sides with the arms extended and the palms of the hands facing your thighs (neutral grip).",
                "While keeping the arms close to your torso and elbows in, slowly lower your arms (as you keep them extended with a slight bend at the elbows) as far down towards the floor as you can go. Once you cannot go down any further, lock your upper arms in that position and that will be your starting position.",
                "As you breathe out, slowly begin to curl the weights up as you simultaneously rotate your wrists so that the palms of the hands face up. Continue curling the weight until your biceps are fully contracted and squeeze hard at the top position for a second. Tip: Only the forearms should move. Upper arms should remain stationary and elbows should stay in throughout the movement.",
                "Return back to the starting position very slowly."
            ],
            "muscles" : ["Biceps"],
            "equipment" : "Dumbbell",
            "muscle_diagram" : "https://artifacts.bbcomcdn.com/exercises-app/1.2.1/img/guide-15.gif"
        },
        {
            "id" :7,
            "name" : "Preacher Curl",
            "images" : [
                "https://www.bodybuilding.com/exercises/exerciseImages/sequences/180/Male/l/180_1.jpg",
                "https://www.bodybuilding.com/exercises/exerciseImages/sequences/180/Male/l/180_2.jpg"
            ],
            "instructions": [
                "To perform this movement you will need a preacher bench and an E-Z bar. Grab the E-Z curl bar at the close inner handle (either have someone hand you the bar which is preferable or grab the bar from the front bar rest provided by most preacher benches). The palm of your hands should be facing forward and they should be slightly tilted inwards due to the shape of the bar.",
                "With the upper arms positioned against the preacher bench pad and the chest against it, hold the E-Z Curl Bar at shoulder length. This will be your starting position.",
                "As you breathe in, slowly lower the bar until your upper arm is extended and the biceps is fully stretched.",
                "As you exhale, use the biceps to curl the weight up until your biceps is fully contracted and the bar is at shoulder height. Squeeze the biceps hard and hold this position for a second.",
                "Repeat for the recommended amount of repetitions."
            ],
            "muscles" : ["Biceps"],
            "equipment" : "Barbell",
            "muscle_diagram" : "https://artifacts.bbcomcdn.com/exercises-app/1.2.1/img/guide-15.gif"
        },
        {
            "id" :8,
            "name" : "Dumbbell Bicep Curl",
            "images" : ["https://www.bodybuilding.com/exercises/exerciseImages/sequences/223/Male/l/223_1.jpg",
            "https://www.bodybuilding.com/exercises/exerciseImages/sequences/223/Male/l/223_2.jpg"],
            "instructions": [
                "Stand up straight with a dumbbell in each hand at arm's length. Keep your elbows close to your torso and rotate the palms of your hands until they are facing forward. This will be your starting position.",
                "Now, keeping the upper arms stationary, exhale and curl the weights while contracting your biceps. Continue to raise the weights until your biceps are fully contracted and the dumbbells are at shoulder level. Hold the contracted position for a brief pause as you squeeze your biceps.",
                "Then, inhale and slowly begin to lower the dumbbells back to the starting position.",
                "Repeat for the recommended amount of repetitions."
            ],
            "muscles" : ["Biceps"],
            "equipment" : " Dumbbell",
            "muscle_diagram" : "https://artifacts.bbcomcdn.com/exercises-app/1.2.1/img/guide-15.gif"
        },
        {
            "id" :9,
            "name" : "Barbell Curl",
            "images" : ["https://www.bodybuilding.com/exercises/exerciseImages/sequences/169/Male/l/169_2.jpg",
            "https://www.bodybuilding.com/exercises/exerciseImages/sequences/169/Male/l/169_1.jpg"],
            "instructions": [
                "Stand up with your torso upright while holding a barbell at a shoulder-width grip. The palm of your hands should be facing forward and the elbows should be close to the torso. This will be your starting position.",
                "While holding the upper arms stationary, curl the weights forward while contracting the biceps as you breathe out. Tip: Only the forearms should move.",
                "Continue the movement until your biceps are fully contracted and the bar is at shoulder level. Hold the contracted position for a second and squeeze the biceps hard.",
                "Slowly begin to bring the bar back to starting position as your breathe in.",
                "Repeat for the recommended amount of repetitions."
            ],
            "muscles" : ["Biceps"],
            "equipment" : "Barbell",
            "muscle_diagram" : "https://artifacts.bbcomcdn.com/exercises-app/1.2.1/img/guide-15.gif"
        },
        {
            "id" :10,
            "name" : "Concentration Curls",
            "images" : ["https://www.bodybuilding.com/exercises/exerciseImages/sequences/136/Male/l/136_2.jpg",
            "https://www.bodybuilding.com/exercises/exerciseImages/sequences/136/Male/l/136_1.jpg"],
            "instructions": [
                "Sit down on a flat bench with one dumbbell in front of you between your legs. Your legs should be spread with your knees bent and feet on the floor.",
                "Use your right arm to pick the dumbbell up. Place the back of your right upper arm on the top of your inner right thigh. Rotate the palm of your hand until it is facing forward away from your thigh. Tip: Your arm should be extended and the dumbbell should be above the floor. This will be your starting position.",
                "While holding the upper arm stationary, curl the weights forward while contracting the biceps as you breathe out. Only the forearms should move. Continue the movement until your biceps are fully contracted and the dumbbells are at shoulder level. Tip: At the top of the movement make sure that the little finger of your arm is higher than your thumb. This guarantees a good contraction. Hold the contracted position for a second as you squeeze the biceps.",
                "Slowly begin to bring the dumbbells back to starting position as your breathe in. Caution: Avoid swinging motions at any time.",
                "Repeat for the recommended amount of repetitions. Then repeat the movement with the left arm."
            ],
            "muscles" : ["Biceps"],
            "equipment" : "Dumbbell",
            "muscle_diagram" : "https://artifacts.bbcomcdn.com/exercises-app/1.2.1/img/guide-15.gif"
        }
    ],
    "abs": [
        {
            "id" :11,
            "name" : "Bottoms Up",
            "images" : [
                "https://www.bodybuilding.com/exercises/exerciseImages/sequences/2021/Male/m/2021_3.jpg",
                "https://www.bodybuilding.com/exercises/exerciseImages/sequences/2021/Male/m/2021_1.jpg",
                "https://www.bodybuilding.com/exercises/exerciseImages/sequences/2021/Male/m/2021_2.jpg"
            ],
            "instructions": [
                "Begin by lying on your back on the ground. Your legs should be straight and your arms at your side. This will be your starting position.",
                "To perform the movement, tuck the knees toward your chest by flexing the hips and knees. Following this, extend your legs directly above you so that they are perpendicular to the ground. Rotate and elevate your pelvis to raise your glutes from the floor.",
                "After a brief pause, return to the starting position."
            ],
            "muscles" : ["Abdominals"],
            "equipment" : "Body Only",
            "muscle_diagram" : "https://artifacts.bbcomcdn.com/exercises-app/1.2.1/img/guide-13.gif"
        },
        {
            "id" :12,
            "name" : "Plank",
            "images" : [
                "https://www.bodybuilding.com/exercises/exerciseImages/sequences/908/Male/m/908_2.jpg",
                "https://www.bodybuilding.com/exercises/exerciseImages/sequences/908/Male/m/908_1.jpg"
            ],
            "instructions": [
                "Get into a prone position on the floor, supporting your weight on your toes and your forearms. Your arms are bent and directly below the shoulder.",
                "Keep your body straight at all times, and hold this position as long as possible. To increase difficulty, an arm or leg can be raised."
            ],
            "muscles" : ["Abdominals"],
            "equipment" : "Body Only",
            "muscle_diagram" : "https://artifacts.bbcomcdn.com/exercises-app/1.2.1/img/guide-13.gif"
        },
        {
            "id" :13,
            "name" : "Elbow to Knee",
            "images" : [
                "https://www.bodybuilding.com/exercises/exerciseImages/sequences/2031/Male/m/2031_1.jpg",
                "https://www.bodybuilding.com/exercises/exerciseImages/sequences/2031/Male/m/2031_2.jpg"
            ],
            "instructions": [
                "1. Lie on the floor, crossing your right leg across your bent left knee. Clasp your hands behind your head, beginning with your shoulder blades on the ground. This will be your starting position.",
                "2. Perform the motion by flexing the spine and rotating your torso to bring the left elbow to the right knee.",
                "3. Return to the starting position and repeat the movement for the desired number of repetitions before switching sides."
            ],
            "muscles" : ["Abdominals"],
            "equipment" : "Body Only",
            "muscle_diagram" : "https://artifacts.bbcomcdn.com/exercises-app/1.2.1/img/guide-13.gif"
        }
    ],
    "legs": [
        {
            "id" :16,
            "name" : "Barbell Deadlift",
            "images" : [
                "https://www.bodybuilding.com/exercises/exerciseImages/sequences/3831/Male/m/3831_1.jpg",
                "https://www.bodybuilding.com/exercises/exerciseImages/sequences/3831/Male/m/3831_3.jpg",
                "https://www.bodybuilding.com/exercises/exerciseImages/sequences/3831/Male/m/3831_4.jpg",
                "https://www.bodybuilding.com/exercises/exerciseImages/sequences/3831/Male/m/3831_2.jpg"
            ],
            "instructions": [
                "Approach the bar so that it is centered over your feet. Your feet should be about hip-width apart. Bend at the hip to grip the bar at shoulder-width allowing your shoulder blades to protract. Typically, you would use an alternating grip.",
                "With your feet and your grip set, take a big breath and then lower your hips and flex the knees until your shins contact the bar. Look forward with your head. Keep your chest up and your back arched, and begin driving through the heels to move the weight upward.",
                "After the bar passes the knees aggressively pull the bar back, pulling your shoulder blades together as you drive your hips forward into the bar.",
                "Lower the bar by bending at the hips and guiding it to the floor."
            ],
            "muscles" : ["Hamstrings"],
            "equipment" : "Barbell",
            "muscle_diagram" : "https://artifacts.bbcomcdn.com/exercises-app/1.2.1/img/guide-8.gif"
        },
        {
            "id" :17,
            "name" : "Barbell Full Squat",
            "images" : [
                "https://www.bodybuilding.com/exercises/exerciseImages/sequences/64/Male/m/64_2.jpg",
                "https://www.bodybuilding.com/exercises/exerciseImages/sequences/64/Male/m/64_1.jpg",
            ],
            "instructions": [
                "This exercise is best performed inside a squat rack for safety purposes. To begin, first set the bar on a rack just above shoulder level. Once the correct height is chosen and the bar is loaded, step under the bar and place the back of your shoulders (slightly below the neck) across it.",
                "Hold on to the bar using both arms at each side and lift it off the rack by first pushing with your legs and at the same time straightening your torso.",
                "Step away from the rack and position your legs using a shoulder-width medium stance with the toes slightly pointed out. Keep your head up at all times and maintain a straight back. This will be your starting position.",
                "Begin to slowly lower the bar by bending the knees and sitting back with your hips as you maintain a straight posture with the head up. Continue down until your hamstrings are on your calves. Inhale as you perform this portion of the movement.",
                "Begin to raise the bar as you exhale by pushing the floor with the heel or middle of your foot as you straighten the legs and extend the hips to go back to the starting position.",
                "Repeat for the recommended amount of repetitions.",
                "This type of squat allows a greater range of motion, and allows the trunk to maintain a more vertical position than other types of squats, due to foot position and the higher bar position."
            ],
            "muscles" : ["Quadriceps"],
            "equipment" : "Barbell",
            "muscle_diagram" : "https://artifacts.bbcomcdn.com/exercises-app/1.2.1/img/guide-7.gif"
        },
        {
            "id" :18,
            "name" : "Barbell Walking Lunge",
            "images" : [
                "https://www.bodybuilding.com/exercises/exerciseImages/sequences/2241/Male/m/2241_2.jpg",
                "https://www.bodybuilding.com/exercises/exerciseImages/sequences/2241/Male/m/2241_1.jpg"
            ],
            "instructions": [
                "Begin standing with your feet shoulder width apart and a barbell across your upper back.",
                "Step forward with one leg, flexing the knees to drop your hips. Descend until your rear knee nearly touches the ground. Your posture should remain upright, and your front knee should stay above the front foot.",
                "Drive through the heel of your lead foot and extend both knees to raise yourself back up.",
                "Step forward with your rear foot, repeating the lunge on the opposite leg."
            ],
            "muscles" : ["Quadriceps"],
            "equipment" : "Barbell",
            "muscle_diagram" : "https://artifacts.bbcomcdn.com/exercises-app/1.2.1/img/guide-7.gif"
        },
        {
            "id" :19,
            "name" : "Lying Leg Curls",
            "images" : [
                "https://www.bodybuilding.com/exercises/exerciseImages/sequences/52/Male/m/52_2.jpg",
                "https://www.bodybuilding.com/exercises/exerciseImages/sequences/52/Male/m/52_1.jpg"
            ],
            "instructions": [
                "Adjust the machine lever to fit your height and lie face down on the leg curl machine with the pad of the lever on the back of your legs (just a few inches under the calves). Tip: Preferably use a leg curl machine that is angled as opposed to flat since an angled position is more favorable for hamstrings recruitment.",
                "Keeping the torso flat on the bench, ensure your legs are fully stretched and grab the side handles of the machine. Position your toes straight (or you can also use any of the other two stances described on the foot positioning section). This will be your starting position.",
                "As you exhale, curl your legs up as far as possible without lifting the upper legs from the pad. Once you hit the fully contracted position, hold it for a second.",
                "As you inhale, bring the legs back to the initial position. Repeat for the recommended amount of repetitions.",
                "Caution: Do not ever use so much weight on the exercise that you start using swinging and jerking as you can risk both lower back injury and also a hamstring injury. Variations: Since you have three foot positions you have in reality three exercises. The movement can also be performed with a dumbbell held in between your feet (a partner needs to place it properly). This latter exercise though is only suitable for advanced trainees. Finally, it is also possible to just use one leg at a time for better isolation."

            ],
            "muscles" : ["Hamstrings"],
            "equipment" : "Machine",
            "muscle_diagram" : "https://artifacts.bbcomcdn.com/exercises-app/1.2.1/img/guide-8.gif"
        }
    ]
}